{
    "menu": {
        "starters": [
            {
                "namn": "Mulle-rom, mojama (tonfisk) från almadraba och Marcona-mandlar.",
                "allergier": "Nötter/Fisk.",
                "pris": "46"
            },
            {
                "namn": "Kantabriskta äktenskap med oliver.",
                "allergier": "Fisk.",
                "pris": "32"
            },
            {
                "namn": "Murciansk marinera med ansjovis från Kantabriska sjön.",
                "allergier": "Gluten/Fisk/Ägg.",
                "pris": "35"
            },
            {
                "namn": "Iberisk skinka.",
                "allergier": "Fråga personalen om allergier.",
                "pris": "276"
            },
            {
                "namn": "Urval av iberiska charkuterier och fårost.",
                "allergier": "Mjölk.",
                "pris": "207"
            },
            {
                "namn": "Parmesanbitar med 'regañinas' (kex).",
                "allergier": "Nötter/Mjölk.",
                "pris": "173"
            },
            {
                "namn": "'Caballito' med sammet av citron (friterad räka).",
                "allergier": "Kräftdjur/Gluten.",
                "pris": "32"
            },
            {
                "namn": "Bläckfisk från klipporna med paprikapulver och krossad potatis.",
                "allergier": "Blötdjur.",
                "pris": "242"
            },
            {
                "namn": "Musslor sauterade med pinjenötter och vitlök.",
                "allergier": "Blötdjur/Nötter.",
                "pris": "253"
            },
            {
                "namn": "Bläckfisk från bukten på andalusiskt vis med Padrón-paprika.",
                "allergier": "Blötdjur.",
                "pris": "213"
            },
            {
                "namn": "Kroketter på iberisk skinka med rödvinssirap.",
                "allergier": "Gluten/Mjölk/Ägg/Sulfiter.",
                "pris": "31"
            },
            {
                "namn": "Spenatkroketter med hallonsylt.",
                "allergier": "Mjölk/Ägg/Nötter/Gluten.",
                "pris": "29"
            },
            {
                "namn": "Torskfiskbulle med en touch av aioli.",
                "allergier": "Mjölk/Fisk/Gluten.",
                "pris": "41"
            },
            {
                "namn": "'Patatas asas' (ungbakad potatis) med vitlök. 6 styck.",
                "allergier": "Mjölk.",
                "pris": "92"
            },
            {
                "namn": "Ljumna sallad med vedugnsrostade grönsaker, olivolja och vitlök.",
                "allergier": "Fråga personalen om allergier.",
                "pris": "161"
            },
            {
                "namn": "Delad tomat med 'piparras' (spansk peppar) och tonfisk.",
                "allergier": "Fisk.",
                "pris": "179"
            },
            {
                "namn": "Vår special sallad.",
                "allergier": "Fisk/Ägg.",
                "pris": "173"
            },
            {
                "namn": "Sallad med sommarfrukter, olja, pinjenötter och mangosirap.",
                "allergier": "Nötter/Mjölk.",
                "pris": "184"
            },
            {
                "namn": "Avokadosallad med ansjovis och parmesanflingor.",
                "allergier": "Fisk/Mjölk.",
                "pris": "188"
            },
            {
                "namn": "Traditionell 'gazpacho' på en isbädd.",
                "allergier": "Fråga personalen om allergier.",
                "pris": "64"
            },
            {
                "namn": "Murciansk 'zarangollo' (ägg med grönsaker).",
                "allergier": "Ägg.",
                "pris": "138"
            },
            {
                "namn": "Traditionell 'pisto' (spansk ratatouille) med stekta ägg.",
                "allergier": "Ägg.",
                "pris": "138"
            },
            {
                "namn": "Röra på gyllene torsk med sparris och vitlök.",
                "allergier": "Ägg/Fisk.",
                "pris": "188"
            },
            {
                "namn": "Gårdsägg med iberisk skinka.",
                "allergier": "Ägg.",
                "pris": "172"
            }
        ],
        "main-dish": {
            "fiskrätter": [
                {
                    "namn": "Torskbit med aioli och kaviarolja.",
                    "allergier": "Fisk/Mjölk.",
                    "pris": "207"
                },
                {
                    "namn": "Sankt Petersfisk stekt i panna med färsk vitlök.",
                    "allergier": "Fisk.",
                    "pris": "288"
                },
                {
                    "namn": "Kummelbit med saffransås och laxpärlor.",
                    "allergier": "Fisk/Gluten.",
                    "pris": "253"
                },
                {
                    "namn": "Piggvar med macadamianötter och Verdejo-vin.",
                    "allergier": "Fisk/Nötter/Kräftdjur.",
                    "pris": "299"
                },
                {
                    "namn": "* Dagens fångst, tillagad efter kockens önskemål.",
                    "allergier": null,
                    "pris": null
                }
            ],
            "risrätter": [
                {
                    "namn": "Ris med lantkyckling.",
                    "allergier": "Fråga personalen om allergier.",
                    "pris": "173"
                },
                {
                    "namn": "Ris med kanin och sniglar.",
                    "allergier": "Fråga personalen om allergier.",
                    "pris": "196"
                },
                {
                    "namn": "Ris med grönsaker.",
                    "allergier": "Fråga personalen om allergier.",
                    "pris": "173"
                },
                {
                    "namn": "'Arroz a banda' (ris med skaldjur och fisk vid sidan).",
                    "allergier": "Kräftdjur/Fisk.",
                    "pris": "207"
                },
                {
                    "namn": "Ris med magert kött och revben.",
                    "allergier": "Fråga personalen om allergier.",
                    "pris": "173"
                }
            ],
            "kötträter": [
                {
                    "namn": "Killing med vitlökssås.",
                    "allergier": "Sulfiter",
                    "pris": "207"
                },
                {
                    "namn": "Oxfilé med foie och Pedro Ximénez-vin.",
                    "allergier": "Gluten/Nötter/Sulfiter.",
                    "pris": "334"
                },
                {
                    "namn": "Skivor av iberisk 'secreto' (fläsk) med småpotatis och paprika.",
                    "allergier": "Fråga personalen om allergier.",
                    "pris": "230"
                }, 
                {
                    "namn": "Lamm från grillen med småpotatis och paprika.",
                    "allergier": "Fråga personalen om allergier.",
                    "pris": "207"
                }, 
                {
                    "namn": "'Chuletón' (kotlett) av Murciansk \"Chato\" gris med grillad potatis och piquillo-paprika.",
                    "allergier": "Fråga personalen om allergier.",
                    "pris": "253"
                },
                {
                    "namn": "Entrecote av nöt med småpotatis och paprika.",
                    "allergier": "Fråga personalen om allergier.",
                    "pris": "276"
                },
                {
                    "namn": "Varierad köttgrill med Padrón-paprika och 'a lo pobre' potatis.",
                    "allergier": "Fråga personalen om allergier.",
                    "pris": "173"
                }
            ]
        },
        "desserts": [
            {
                "namn": "Friterad mjölk, 'paparajote' (citronblad med deg) och nougatglass.",
                "allergier": "Mjölk/Gluten/Nötter/Sulfiter/Ägg.",
                "pris": "81"
            },
            {
                "namn": "Pärlmiljö med Bullas D.O.-vin och vit chokladkräm.",
                "allergier": "Laktos/Gluten/Sulfiter.",
                "pris": "92"
            },
            {
                "namn": "'Asiático' tiramisu (kaffedrink).",
                "allergier": "Laktos/Gluten/Ägg/Sulfiter.",
                "pris": "75"
            },
            {
                "namn": "Farmors tårta.",
                "allergier": "Gluten/Ägg/Sulfiter/Laktos.",
                "pris": "69"
            },
            {
                "namn": "Urval av säsongens frukter.",
                "allergier": "Fråga personalen om allergier.",
                "pris": "69"
            },
            {
                "namn": "Risgrynsgröt.",
                "allergier": "Laktos.",
                "pris": "69"
            },
            {
                "namn": "Chokoladbrownie med engelsk vaniljsås.",
                "allergier": "Ägg/Laktos/Nötter/Gluten.",
                "pris": "75"
            },
            {
                "namn": "'Paparajote' (citronblad med deg).",
                "allergier": "Ägg/Laktos/Gluten.",
                "pris": "22"
            },
            {
                "namn": "Vårt traditionella 'pan de calatrava' (brödpudding).",
                "allergier": "Laktos/Gluten/Ägg.",
                "pris": "69"
            },
            {
                "namn": "'Natillas de la huerta' (vaniljkräm).",
                "allergier": "Laktos/Sulfiter/Gluten.",
                "pris": "64"
            }
        ],
        "drinks": [
            {
                "namn": "Läsk",
                "allergier": null,
                "pris": "30"
            },
            {
                "namn": "Färskpressad apelsinjuice",
                "allergier": null,
                "pris": "45"
            },
            {
                "namn": "Husets vin (glas)",
                "allergier": null,
                "pris": "60"
            },
            {
                "namn": "Husets vin (flaska)",
                "allergier": null,
                "pris": "250"
            },
            {
                "namn": "Öl",
                "allergier": null,
                "pris": "50"
            },
            {
                "namn": "Kaffe",
                "allergier": null,
                "pris": "35"
            },
            {
                "namn": "Te",
                "allergier": null,
                "pris": "35"
            }
        ]
    }
}